{
    "accuracy": 0.41439661383628845,
    "loss": 1.073542833328247,
    "val_accuracy": 0.23569224774837494,
    "val_loss": 1.259920358657837
}