{
    "accuracy": 0.372836709022522,
    "loss": 1.0935477018356323,
    "val_accuracy": 0.2516706585884094,
    "val_loss": 1.1566611528396606
}