{
    "epoch": 1,
    "train_loss": 0.40858237510891976,
    "train_acc": 0.8468268578384419,
    "val_loss": 0.3612747418539585,
    "val_acc": 0.8769782350475126
}