{
    "epoch": 2,
    "train_loss": 0.4009663387431286,
    "train_acc": 0.8474841355363985,
    "val_loss": 0.36096655293443286,
    "val_acc": 0.8764498323085522
}