{
    "epoch": 3,
    "train_loss": 0.3991785988896743,
    "train_acc": 0.8476493903655811,
    "val_loss": 0.3604035727801286,
    "val_acc": 0.8768122903856903
}