{
    "accuracy": 0.5911611318588257,
    "loss": 0.7864855527877808,
    "val_accuracy": 0.9444125890731812,
    "val_loss": 0.3874988853931427
}