{
    "accuracy": [
        0.5089294910430908,
        0.5911611318588257,
        0.6208699941635132
    ],
    "loss": [
        0.9592889547348022,
        0.7864855527877808,
        0.662648618221283
    ],
    "val_accuracy": [
        0.7524355053901672,
        0.9444125890731812,
        0.9478510022163391
    ],
    "val_loss": [
        0.7375348806381226,
        0.3874988853931427,
        0.4664391279220581
    ]
}