{
    "accuracy": 0.430032879114151,
    "loss": 1.0568958520889282,
    "val_accuracy": 0.24528786540031433,
    "val_loss": 1.2365859746932983
}