{
    "accuracy": 0.4485749900341034,
    "loss": 1.0384140014648438,
    "val_accuracy": 0.23603495955467224,
    "val_loss": 1.3122036457061768
}