{
    "accuracy": [
        0.346779465675354,
        0.372836709022522,
        0.39112594723701477,
        0.41439661383628845,
        0.430032879114151,
        0.42873501777648926,
        0.4485749900341034,
        0.45197707414627075,
        0.4590150713920593,
        0.45953992009162903
    ],
    "loss": [
        1.1097654104232788,
        1.0935477018356323,
        1.0879340171813965,
        1.073542833328247,
        1.0568958520889282,
        1.0581423044204712,
        1.0384140014648438,
        1.0306020975112915,
        1.0216679573059082,
        1.0233943462371826
    ],
    "val_accuracy": [
        0.23582077026367188,
        0.2516706585884094,
        0.27553117275238037,
        0.23569224774837494,
        0.24528786540031433,
        0.23770561814308167,
        0.23603495955467224,
        0.23864804208278656,
        0.23937629163265228,
        0.23577792942523956
    ],
    "val_loss": [
        1.1504820585250854,
        1.1566611528396606,
        1.1359764337539673,
        1.259920358657837,
        1.2365859746932983,
        1.276637315750122,
        1.3122036457061768,
        1.2157576084136963,
        1.5490471124649048,
        1.4029659032821655
    ]
}