{
    "epoch": 1,
    "train_loss": 0.5008064648099974,
    "train_acc": 0.8258578431372549,
    "val_loss": 0.21094796538818628,
    "val_acc": 0.9714626736111112
}