{
    "accuracy": 0.45953992009162903,
    "loss": 1.0233943462371826,
    "val_accuracy": 0.23577792942523956,
    "val_loss": 1.4029659032821655
}