{
    "accuracy": 0.39112594723701477,
    "loss": 1.0879340171813965,
    "val_accuracy": 0.27553117275238037,
    "val_loss": 1.1359764337539673
}