{
    "epoch": 1,
    "train_loss": 0.6981636519525566,
    "train_acc": 0.6562193627450981,
    "val_loss": 0.23967724826393855,
    "val_acc": 0.9615885416666666
}