{
    "accuracy": 0.45197707414627075,
    "loss": 1.0306020975112915,
    "val_accuracy": 0.23864804208278656,
    "val_loss": 1.2157576084136963
}