{
    "accuracy": 0.5089294910430908,
    "loss": 0.9592889547348022,
    "val_accuracy": 0.7524355053901672,
    "val_loss": 0.7375348806381226
}