{
    "accuracy": 0.6208699941635132,
    "loss": 0.662648618221283,
    "val_accuracy": 0.9478510022163391,
    "val_loss": 0.4664391279220581
}