{
    "accuracy": 0.42873501777648926,
    "loss": 1.0581423044204712,
    "val_accuracy": 0.23770561814308167,
    "val_loss": 1.276637315750122
}