{
    "accuracy": 0.346779465675354,
    "loss": 1.1097654104232788,
    "val_accuracy": 0.23582077026367188,
    "val_loss": 1.1504820585250854
}