{
    "accuracy": 0.4590150713920593,
    "loss": 1.0216679573059082,
    "val_accuracy": 0.23937629163265228,
    "val_loss": 1.5490471124649048
}